title,author,link,home,rss,date,timestamp
B2 + Cloudflare 转换规则，实现真正无限制使用 Backblaze B2,岚天小窝,http://blog.ltya.top/posts/BackblazeB2+Cloudflare-rule.shtml,http://blog.ltya.top/,https://blog.ltya.top/atom.xml,2022-11-05,1667664000.0
杜老师的南京「之旅」,杜老师说,https://dusays.com/522/,https://dusays.com/,https://dusays.com/atom.xml,2022-11-05,1667664000.0
java-基本程序设计结构,Barney's Blog,https://hugo.bnblogs.cc/java-1/,https://hugo.bnblogs.cc/,https://hugo.bnblogs.cc/index.xml,2022-11-05,1667660264.0
五个域名全没了。。。。,SinGO博客,https://blog.xsnet.eu.org/posts/56455/,https://blog.xsnet.eu.org/,https://blog.xsnet.eu.org/atom.xml,2022-11-04,1667588132.0
deno-bridge,manateelazycat.github.io,//manateelazycat.github.io/emacs/2022/11/04/deno-bridge.html,//manateelazycat.github.io/,https://manateelazycat.github.io/feed.xml,2022-11-04,1667520000.0
Golang gRPC 错误处理,Jiajun的技术笔记,https://jiajunhuang.com/articles/2022_11_04-grpc_error_handling.md.html,https://jiajunhuang.com,https://jiajunhuang.com/rss,2022-11-04,1667520000.0
2022 | About me | 答普鲁斯特问卷,Another Dayu,https://anotherdayu.com/2022/3801/,https://anotherdayu.com,https://anotherdayu.com/?feed=rss,2022-11-03,1667466765.0
在谈大数据下的计划经济,Frank笔记,https://frank2019.me/articles/2022/11/03/1667415579106.html,https://frank2019.me,https://frank2019.me/rss.xml,2022-11-02,1667415579.0
我与十年之约,杜老师说,https://dusays.com/521/,https://dusays.com/,https://dusays.com/atom.xml,2022-11-02,1667404800.0
又去了一次长沙,见字如面,https://hiwannz.com/archives/734,https://hiwannz.com,https://hiwannz.com/feed,2022-11-02,1667370054.0
NovelAI-WebUI安装教程,DearXuan的主页,https://blog.dearxuan.com/2022/11/02/NovelAI-WebUI%E5%AE%89%E8%A3%85%E6%95%99%E7%A8%8B/,https://blog.dearxuan.com/,https://blog.dearxuan.com/atom.xml,2022-11-02,1667352585.0
在谈大数据下的计划经济,Frank笔记,/archives/zai-tan-da-shu-ju-xia-de-ji-hua-jing-ji,/,https://frank2019.me/rss.xml,2022-11-01,1667326020.0
在谈大数据下的计划经济,Frank笔记,http://frank2019.me/archives/zai-tan-da-shu-ju-xia-de-ji-hua-jing-ji,http://frank2019.me/,https://frank2019.me/rss.xml,2022-11-01,1667326020.0
在谈大数据下的计划经济,Frank笔记,https://frank2019.me/archives/zai-tan-da-shu-ju-xia-de-ji-hua-jing-ji,https://frank2019.me/,https://frank2019.me/rss.xml,2022-11-01,1667326020.0
铁山老街：“自愿”摘帽的历史文化名镇,Macin,https://macin.org/2022/11/01/tie-shan-lao-jie/,https://macin.org/,https://www.macin.org/atom.xml,2022-11-01,1667306178.0
Gitea+drone搭建CICD环境,Barney's Blog,https://hugo.bnblogs.cc/gitea-drone%E6%90%AD%E5%BB%BAcicd%E7%8E%AF%E5%A2%83/,https://hugo.bnblogs.cc/,https://hugo.bnblogs.cc/index.xml,2022-11-01,1667285799.0
Bilibili 2022 技术对抗赛 Write-up,FlyingSky's Blog,https://blog.fsky7.com/technology/87,https://blog.fsky7.com,https://blog.fsky7.com/feed,2022-11-01,1667275200.0
Hugo创建个人网站并部署到vps,Barney's Blog,https://hugo.bnblogs.cc/hugo%E5%88%9B%E5%BB%BA%E4%B8%AA%E4%BA%BA%E7%BD%91%E7%AB%99%E5%B9%B6%E9%83%A8%E7%BD%B2%E5%88%B0vps/,https://hugo.bnblogs.cc/,https://hugo.bnblogs.cc/index.xml,2022-10-31,1667203935.0
个人云服务器搭建git服务器,Barney's Blog,https://hugo.bnblogs.cc/%E4%B8%AA%E4%BA%BA%E4%BA%91%E6%9C%8D%E5%8A%A1%E5%99%A8%E6%90%AD%E5%BB%BAgit%E6%9C%8D%E5%8A%A1%E5%99%A8/,https://hugo.bnblogs.cc/,https://hugo.bnblogs.cc/index.xml,2022-10-31,1667198819.0
编写可维护的单元测试代码,Jiajun的技术笔记,https://jiajunhuang.com/articles/2022_10_31-goconvey.md.html,https://jiajunhuang.com,https://jiajunhuang.com/rss,2022-10-31,1667174400.0
杜老师提供非自助服务状态监控平台,杜老师说,https://dusays.com/520/,https://dusays.com/,https://dusays.com/atom.xml,2022-10-30,1667145600.0
记录下 redis 的一些使用方法,Nicksxs's Blog,https://nicksxs.me/2022/10/30/%E8%AE%B0%E5%BD%95%E4%B8%8B-redis-%E7%9A%84%E4%B8%80%E4%BA%9B%E4%BD%BF%E7%94%A8%E6%96%B9%E6%B3%95/,https://nicksxs.me/,https://nicksxs.me/atom.xml,2022-10-30,1667135861.0
【RustDesk】自建远程桌面服务替代TeamViewer/Todesk,Luminous' Home,https://luotianyi.vc/6542.html,https://luotianyi.vc,https://luotianyi.vc/feed,2022-10-29,1667055068.0
RSS Brain: Yet Another RSS Reader， With More Features,Bin Wang - My Personal Blog,https://www.binwang.me/2022-10-29-RSS-Brain-Yet-Another-RSS-Reader-With-More-Features.html,https://www.binwang.me/,https://www.binwang.me/feed.xml,2022-10-29,1667016000.0
将英文 PDF 文件翻译为中文,Another Dayu,https://anotherdayu.com/2022/3785/,https://anotherdayu.com,https://anotherdayu.com/?feed=rss,2022-10-28,1666929917.0
前端自动打包上传推送钉钉工具,怠惰のコエ - imba久期 BLOG,https://imba97.cn/archives/757/,https://imba97.cn/,https://imba97.cn/atom.xml,2022-10-27,1666914726.0
NAT 的级别是指什么,杜老师说,https://dusays.com/519/,https://dusays.com/,https://dusays.com/atom.xml,2022-10-27,1666886400.0
Stage Manager 「台前调度」使用体验,Another Dayu,https://anotherdayu.com/2022/3777/,https://anotherdayu.com,https://anotherdayu.com/?feed=rss,2022-10-27,1666837906.0
202210：十月清霜重，飘零何处归,Macin,https://macin.org/2022/10/25/10-yue-zhou-ji/,https://macin.org/,https://www.macin.org/atom.xml,2022-10-25,1666694440.0
如何引用 R 和 R Packages,Another Dayu,https://anotherdayu.com/2022/3751/,https://anotherdayu.com,https://anotherdayu.com/?feed=rss,2022-10-25,1666682175.0
磨心坡：回不去的名字叫故乡,Macin,https://macin.org/2022/10/24/mo-xin-po-kuang/,https://macin.org/,https://www.macin.org/atom.xml,2022-10-24,1666644681.0
去不图床运营策略调整,杜老师说,https://dusays.com/518/,https://dusays.com/,https://dusays.com/atom.xml,2022-10-24,1666627200.0
记录下 phpunit 的入门使用方法之setUp和tearDown,Nicksxs's Blog,https://nicksxs.me/2022/10/23/%E8%AE%B0%E5%BD%95%E4%B8%8B-phpunit-%E7%9A%84%E5%85%A5%E9%97%A8%E4%BD%BF%E7%94%A8%E6%96%B9%E6%B3%95%E4%B9%8BsetUp%E5%92%8CtearDown/,https://nicksxs.me/,https://nicksxs.me/atom.xml,2022-10-23,1666525493.0
人间食话 | 我在上海吃汉堡,Another Dayu,https://anotherdayu.com/2022/3737/,https://anotherdayu.com,https://anotherdayu.com/?feed=rss,2022-10-23,1666496945.0
最佳代理实践 2022-10-23,manateelazycat.github.io,//manateelazycat.github.io/proxy/2022/10/23/best-proxy.html,//manateelazycat.github.io/,https://manateelazycat.github.io/feed.xml,2022-10-23,1666483200.0
给Hexo静态博客添加Umami数据分析,Macin,https://macin.org/2022/10/22/add-umami-to-hexo/,https://macin.org/,https://www.macin.org/atom.xml,2022-10-22,1666445721.0
那些提升搜索体验的小技巧,Another Dayu,https://anotherdayu.com/2022/3681/,https://anotherdayu.com,https://anotherdayu.com/?feed=rss,2022-10-22,1666444951.0
浏览器插件分享——Wetab,瓦解的生活记事,https://hin.cool/posts/wetab.html,https://hin.cool/,https://hin.cool/atom.xml,2022-10-22,1666442880.0
博友提供可白嫖的天御云高防 CDN,杜老师说,https://dusays.com/517/,https://dusays.com/,https://dusays.com/atom.xml,2022-10-21,1666368000.0
Volantis 主题新版渲染图,杜老师说,https://dusays.com/516/,https://dusays.com/,https://dusays.com/atom.xml,2022-10-18,1666108800.0
同步不同设备间的设置-dotfiles,Bing's Blog,https://bbing.com.cn/202210/summary-dotfiles/,https://bbing.com.cn/,https://bbing.com.cn/index.xml,2022-10-18,1666096490.0
同步不同设备间的设置-dotfiles,Bing's Blog,https://imcbc.cn/202210/summary-dotfiles/,https://imcbc.cn/,https://bbing.com.cn/index.xml,2022-10-18,1666096490.0
怎么变聪明,见字如面,https://hiwannz.com/archives/731,https://hiwannz.com,https://hiwannz.com/feed,2022-10-17,1665991847.0
【随笔】npm- 更新所有依赖包,框架師,https://www.mobaijun.com/posts/3252980443.html,https://www.mobaijun.com/,https://www.mobaijun.com/atom.xml,2022-10-17,1665984571.0
吴滩老街：游子盼回 元帅未归,Macin,https://macin.org/2022/10/16/wu-tan-lao-jie/,https://macin.org/,https://www.macin.org/atom.xml,2022-10-16,1665951146.0
恋 爱,瓦解的生活记事,https://hin.cool/posts/lianai.html,https://hin.cool/,https://hin.cool/atom.xml,2022-10-16,1665946200.0
记录下 phpunit 的入门使用方法,Nicksxs's Blog,https://nicksxs.me/2022/10/16/%E8%AE%B0%E5%BD%95%E4%B8%8B-phpunit-%E7%9A%84%E5%85%A5%E9%97%A8%E4%BD%BF%E7%94%A8%E6%96%B9%E6%B3%95/,https://nicksxs.me/,https://nicksxs.me/atom.xml,2022-10-16,1665927284.0
DISQUS替代方案——disqusjs教程,SinGO博客,https://blog.xsnet.eu.org/posts/40752/,https://blog.xsnet.eu.org/,https://blog.xsnet.eu.org/atom.xml,2022-10-16,1665923466.0
杜老师说的内网穿透思路与实践,杜老师说,https://dusays.com/515/,https://dusays.com/,https://dusays.com/atom.xml,2022-10-15,1665849600.0
关于我近几天的心情变化,SinGO博客,https://blog.xsnet.eu.org/posts/189/,https://blog.xsnet.eu.org/,https://blog.xsnet.eu.org/atom.xml,2022-10-15,1665840926.0
