title,author,link,home,rss,date,timestamp,test,tags
Vercel部署Umami,绘星里,https://blog.storical.fun/posts/28733,https://blog.storical.fun,https://blog.storical.space/atom.xml,2023-07-14,1689324493,,
盘点我访问过的古老站点,绘星里,https://blog.storical.fun/posts/12779,https://blog.storical.fun,https://blog.storical.space/atom.xml,2023-07-06,1688663052,,
博客大更新,绘星里,https://blog.storical.fun/posts/53662,https://blog.storical.fun,https://blog.storical.space/atom.xml,2023-07-05,1688585620,,
Gameload示例,绘星里,https://blog.storical.fun/posts/20412,https://blog.storical.fun,https://blog.storical.space/atom.xml,2023-04-08,1680978326,,
GameLoad,绘星里,https://blog.storical.fun/posts/21375,https://blog.storical.fun,https://blog.storical.space/atom.xml,2023-04-04,1680638865,,
本站已经更换新域名,绘星里,https://blog.storical.fun/posts/646,https://blog.storical.fun,https://blog.storical.space/atom.xml,2023-03-28,1680038170,,
我使用过的头像,绘星里,https://blog.storical.fun/posts/42487,https://blog.storical.fun,https://blog.storical.space/atom.xml,2023-03-26,1679828967,,
千千静听复活教程,绘星里,https://blog.storical.fun/posts/54481,https://blog.storical.fun,https://blog.storical.space/atom.xml,2023-03-12,1678650529,,
一个通知！！！,绘星里,https://blog.storical.fun/posts/48762,https://blog.storical.fun,https://blog.storical.space/atom.xml,2023-02-02,1675375652,,
自建Meting服务,绘星里,https://blog.storical.fun/posts/61417,https://blog.storical.fun,https://blog.storical.space/atom.xml,2023-01-19,1674157954,,
小康大佬的说说方案 ———— ispeak搭建教程,绘星里,https://blog.storical.fun/posts/38964,https://blog.storical.fun,https://blog.storical.space/atom.xml,2023-01-13,1673643697,,
butterfly主题添加音乐页面（适配手机）,绘星里,https://blog.storical.fun/posts/22945,https://blog.storical.fun,https://blog.storical.space/atom.xml,2023-01-08,1673217106,,
再见2022，你好2023,绘星里,https://blog.storical.fun/posts/23021,https://blog.storical.fun,https://blog.storical.space/atom.xml,2022-12-31,1672498391,,
新起点，新出发,绘星里,https://blog.storical.fun/posts/16107,https://blog.storical.fun,https://blog.storical.space/atom.xml,2021-12-17,1639752791,,
